order,group,dof,lower_rad,initial_rad,upper_rad,lower_deg,initial_deg,upper_deg,span_deg,rendered_lower_deg,rendered_initial_deg,rendered_upper_deg,max_render_error_deg,image
1,thorax,L_Thorax_x,-0.0872664675116539,0.033543284982442856,0.0872664675116539,-5.000000281433284,1.9218886604985312,5.000000281433284,10.000000562866568,-4.976130050944558,1.9372523172628286,5.00132320369815,0.023870230488725497,individual/01_L_Thorax_x.png
2,thorax,L_Thorax_y,-0.5235987901687622,0.010902104899287224,0.1745329350233078,-30.000000834826057,0.6246445985380553,10.000000562866568,40.00000139769263,-29.99927341967945,0.616391222060594,9.992206463249936,0.008253376477461272,individual/02_L_Thorax_y.png
3,thorax,L_Thorax_z,-0.3490658700466156,-0.2467167228460312,0.3490658700466156,-20.000001125733135,-14.135826954376443,20.000001125733135,40.00000225146627,-19.92426628066874,-14.063962265250508,19.99801354068466,0.07573484506439598,individual/03_L_Thorax_z.png
4,shoulder,L_Shoulder_x,-1.5707963705062866,0.33852118253707886,1.5707963705062866,-90.00000250447816,19.395835035152363,90.00000250447816,180.00000500895632,-89.95479348236185,19.401744856331717,89.96583789824976,0.04520902211631039,individual/04_L_Shoulder_x.png
5,shoulder,L_Shoulder_y,-1.5707963705062866,-0.7575457096099854,1.5707963705062866,-90.00000250447816,-43.40417194889521,90.00000250447816,180.00000500895632,-89.98314559760658,-43.3962933256876,89.98151318239495,0.0184893220832123,individual/05_L_Shoulder_y.png
6,shoulder,L_Shoulder_z,-1.5707963705062866,1.0977826118469238,1.5707963705062866,-90.00000250447816,62.89831048167698,90.00000250447816,180.00000500895632,-89.99850669304993,62.90499040668526,89.97598072916723,0.02402177531092775,individual/06_L_Shoulder_z.png
7,elbow,L_Elbow_x,-3.1415927410125732,-0.8155982494354248,3.1415927410125732,-180.00000500895632,-46.73033747090802,180.00000500895632,360.00001001791264,99.18573950412072,-46.74089352827027,-85.65462249413771,279.18574451307705,individual/07_L_Elbow_x.png
8,elbow,L_Elbow_y,-2.792526960372925,-1.1892019510269165,0.1745329350233078,-160.00000900586508,-68.13625278256553,10.000000562866568,170.00000956873166,-159.97652681549857,-68.06519149444071,10.00081762424603,0.07106128812482382,individual/08_L_Elbow_y.png
9,elbow,L_Elbow_z,-1.5707963705062866,0.3418368399143219,1.5707963705062866,-90.00000250447816,19.585808209179806,90.00000250447816,180.00000500895632,-89.97309838933748,19.57948174646108,89.94532000998305,0.0546824944951112,individual/09_L_Elbow_z.png
10,wrist,L_Wrist_x,-3.1415927410125732,-0.6938641667366028,1.5707963705062866,-180.00000500895632,-39.755488309368985,90.00000250447816,270.00000751343447,90.00953061837033,-39.754863347059924,90.00016642901825,270.00953562732667,individual/10_L_Wrist_x.png
11,wrist,L_Wrist_y,-0.7853981852531433,-0.3528483211994171,0.7853981852531433,-45.00000125223908,-20.216719613003054,45.00000125223908,90.00000250447816,-44.995527478332725,-20.212083622103908,45.00045545981889,0.004635990899146236,individual/11_L_Wrist_y.png
12,wrist,L_Wrist_z,-1.5707963705062866,-0.14151155948638916,1.5707963705062866,-90.00000250447816,-8.108015110884587,90.00000250447816,180.00000500895632,-89.99932631575034,-8.112924309350532,90.00010495731571,0.004909198465945508,individual/12_L_Wrist_z.png
13,thumb,LH:thumb1_x,0.0,0.013962634839117527,0.6981317400932312,0.0,0.8000000471637595,40.00000225146627,40.00000225146627,5.67855846073047e-06,0.7997827084099356,39.99987247787204,0.00021733875382390355,individual/13_LH_thumb1_x.png
14,thumb,LH:thumb1_y,-1.570799708366394,-0.031415995210409164,0.0,-90.00019374977492,-1.8000039347596537,0.0,90.00019374977492,-90.00020741015327,-1.799095519600042,-3.894383514619717e-06,0.0009084151596117085,individual/14_LH_thumb1_y.png
15,thumb,LH:thumb1_z,0.0,0.031415995210409164,1.570799708366394,0.0,1.8000039347596537,90.00019374977492,90.00019374977492,1.9821091384692875e-05,1.800045342781497,90.00018691958576,4.140802184338099e-05,individual/15_LH_thumb1_z.png
16,thumb,LH:thumb2,0.0,0.4004806876182556,1.570799708366394,0.0,22.94585317702317,90.00019374977492,90.00019374977492,-3.3315722521825206e-07,22.94594879967155,90.00019374977492,9.562264838081092e-05,individual/16_LH_thumb2.png
17,thumb,LH:thumb3,-0.0872664675116539,0.30013033747673035,1.570799708366394,-5.000000281433284,17.19620164125373,90.00019374977492,95.00019403120821,-4.999986621054943,17.196242622388752,90.00019374977492,4.098113502237766e-05,individual/17_LH_thumb3.png
18,index,LH:index1_x,-0.6981317400932312,1.348555178992683e-05,1.570799708366394,-40.00000225146627,0.0007726652019679004,90.00019374977492,130.0001960012412,-39.99998859108793,0.0004756059592477312,90.0002005799641,0.0002970592427201692,individual/18_LH_index1_x.png
19,index,LH:index1_z,-0.5235987901687622,0.0005984306335449219,0.5235987901687622,-30.000000834826057,0.03428754963346401,30.000000834826057,60.000001669652114,-29.99986081594807,0.03441619931473024,30.000000834826057,0.00014001887798542612,individual/19_LH_index1_z.png
20,index,LH:index2,0.0,0.031415995210409164,1.570799708366394,0.0,1.8000039347596537,90.00019374977492,90.00019374977492,-6.019436367938006e-07,1.7999292295656069,90.00019374977492,7.47051940468424e-05,individual/20_LH_index2.png
21,index,LH:index3,-0.0872664675116539,3.103637482126942e-06,1.570799708366394,-5.000000281433284,0.00017782532886448325,90.00019374977492,95.00019403120821,-5.000000281433284,0.00016102536260862447,90.00019374977492,1.6799966255858786e-05,individual/21_LH_index3.png
22,middle,LH:middle1_x,-0.6981317400932312,3.4600499930093065e-05,1.570799708366394,-40.00000225146627,0.0019824626150370325,90.00019374977492,130.0001960012412,-39.99999883637168,0.0016660792397004834,90.00018691958576,0.0003163833753365491,individual/22_LH_middle1_x.png
23,middle,LH:middle1_z,-0.3490658700466156,0.0006408244953490794,0.3490658700466156,-20.000001125733135,0.0367165389921031,20.000001125733135,40.00000225146627,-19.99989696534829,0.03683006754168142,19.999989172902087,0.00011352854957832198,individual/23_LH_middle1_z.png
24,middle,LH:middle2,0.0,0.031415995210409164,1.570799708366394,0.0,1.8000039347596537,90.00019374977492,90.00019374977492,-6.653004896040535e-07,1.7999200514989095,90.00019374977492,8.388326074415531e-05,individual/24_LH_middle2.png
25,middle,LH:middle3,-0.0872664675116539,4.407063443068182e-06,1.570799708366394,-5.000000281433284,0.0002525061353342,90.00019374977492,95.00019403120821,-5.000000281433284,0.00023502628719585558,90.00019374977492,1.7479848138344427e-05,individual/25_LH_middle3.png
26,ring,LH:ring1_x,-0.6981317400932312,4.440546763362363e-05,1.570799708366394,-40.00000225146627,0.0025442458827114127,90.00019374977492,130.0001960012412,-39.99997493070959,0.002215897378318277,90.00017325920741,0.0003283485043931358,individual/26_LH_ring1_x.png
27,ring,LH:ring1_z,-0.3490658700466156,0.0006008894415572286,0.3490658700466156,-20.000001125733135,0.03442842895520214,20.000001125733135,40.00000225146627,-19.99987647478078,0.03453746518797772,19.999977220071038,0.00012465095235469903,individual/27_LH_ring1_z.png
28,ring,LH:ring2,0.0,0.031415995210409164,1.570799708366394,0.0,1.8000039347596537,90.00019374977492,90.00019374977492,-6.113732435356539e-07,1.7999138616399741,90.00019374977492,9.007311967956788e-05,individual/28_LH_ring2.png
29,ring,LH:ring3,-0.0872664675116539,4.980046014679829e-06,1.570799708366394,-5.000000281433284,0.0002853356184220998,90.00019374977492,95.00019403120821,-5.000000708320107,0.00026582722411058144,90.00019374977492,1.9508394311518336e-05,individual/29_LH_ring3.png
30,pinky,LH:pinky1_x,-0.6981317400932312,3.3836811780929565e-05,1.570799708366394,-40.00000225146627,0.0019387065072258068,90.00019374977492,130.0001960012412,-39.99999200618252,0.0017105456096454012,90.0002005799641,0.00022816089758040566,individual/30_LH_pinky1_x.png
31,pinky,LH:pinky1_z,-0.3490658700466156,0.000382348895072937,0.6981317400932312,-20.000001125733135,0.021906977989169647,40.00000225146627,60.000003377199405,-19.999885012517243,0.021970700852681088,39.99997493070959,0.00011611321589199974,individual/31_LH_pinky1_z.png
32,pinky,LH:pinky2,0.0,0.031415995210409164,1.570799708366394,0.0,1.8000039347596537,90.00019374977492,90.00019374977492,-5.229420680608654e-07,1.7999264548012563,90.00019374977492,7.747995839735289e-05,individual/32_LH_pinky2.png
33,pinky,LH:pinky3,-0.0872664675116539,4.972502210875973e-06,1.570799708366394,-5.000000281433284,0.00028490339030266414,90.00019374977492,95.00019403120821,-5.000000281433284,0.00026274193503138114,90.00019374977492,2.2161455271283e-05,individual/33_LH_pinky3.png
