string,start,end,pitch
0,0.46439909297052157,0.5804988662131519,45
0,0.5804988662131519,0.7546485260770975,47
1,0.7778684807256235,0.905578231292517,50
1,0.905578231292517,1.0681179138321995,52
1,1.0681179138321995,1.195827664399093,54
2,1.2190476190476192,1.3815873015873017,57
2,1.4048072562358276,1.509297052154195,59
3,1.5441269841269842,1.6834467120181407,62
3,1.7066666666666668,2.0549659863945577,64
3,2.0549659863945577,2.2871655328798184,62
3,2.8560544217687074,2.972154195011338,62
3,2.972154195011338,3.2275736961451247,63
2,3.1811337868480725,3.2856235827664397,59
2,3.308843537414966,3.4946031746031747,57
2,3.5874829931972787,3.7151927437641725,59
2,3.7151927437641725,4.028662131519274,57
1,3.900952380952381,4.051882086167801,54
1,4.0751020408163265,4.20281179138322,52
1,5.270929705215419,5.363809523809524,52
1,5.38702947845805,5.537959183673469,54
2,5.561179138321996,5.642448979591837,56
2,5.6656689342403626,5.804988662131519,59
3,5.839818594104308,5.944308390022676,61
3,5.979138321995465,6.130068027210885,62
3,6.15328798185941,6.292607709750567,61
3,6.315827664399093,6.455147392290249,62
3,6.489977324263038,6.896326530612245,61
2,6.896326530612245,7.22140589569161,59
2,7.63936507936508,7.813514739229025,59
3,7.767074829931973,7.952834467120182,66
2,7.9760544217687075,8.161814058956915,58
3,8.103764172335602,8.277913832199546,65
2,8.312743764172335,8.591383219954649,57
3,8.533333333333333,8.719092970521542,64
2,8.78875283446712,8.93968253968254,56
3,8.93968253968254,9.392471655328798,63
3,10.042630385487529,10.147120181405896,61
3,10.170340136054422,10.32126984126984,63
3,10.344489795918367,10.437369614512471,64
4,10.47219954648526,10.611519274376418,66
5,10.762448979591836,10.901768707482994,71
5,10.936598639455783,11.099138321995465,73
5,11.250068027210885,11.609977324263038,75
5,11.656417233560092,11.784126984126985,73
5,11.981496598639456,12.144036281179138,71
5,12.144036281179138,12.248526077097505,73
5,12.248526077097505,13.003174603174603,71
4,13.978412698412699,14.40798185941043,66
